Entity,Dairy consumption (gram)
Cereals,510.9041096
Roots and Tubers,48.90410959
Vegetables,182.0547945
Fruits,123.1232877
Dairy (milk equivalents),15.64383562
Red meat,37.45205479
Poultry,107.4246575
Eggs,48.98630137
Seafood,157.8630137
Legumes,7.726027397
Nuts,2.465753425
Oils,50.82191781
Sugar,115.0410959
